title,price_gbp,rating,in_stock,price_inr,category
A Light in the Attic,51.77,3,True,5461.74,Poetry
Tipping the Velvet,53.74,1,True,5669.57,Historical Fiction
Soumission,50.1,1,True,5285.55,Fiction
Sharp Objects,47.82,4,True,5045.01,Mystery
Sapiens: A Brief History of Humankind,54.23,5,True,5721.26,History
The Requiem Red,22.65,1,True,2389.57,Young Adult
The Dirty Little Secrets of Getting Your Dream Job,33.34,4,True,3517.37,Business
"The Coming Woman: A Novel Based on the Life of the Infamous Feminist, Victoria Woodhull",17.93,3,True,1891.62,Default
The Boys in the Boat: Nine Americans and Their Epic Quest for Gold at the 1936 Berlin Olympics,22.6,4,True,2384.3,Default
The Black Maria,52.15,1,True,5501.82,Poetry
"Starving Hearts (Triangular Trade Trilogy, #1)",13.99,2,True,1475.94,Default
Shakespeare's Sonnets,20.66,4,True,2179.63,Poetry
Set Me Free,17.46,5,True,1842.03,Young Adult
Scott Pilgrim's Precious Little Life (Scott Pilgrim #1),52.29,5,True,5516.6,Sequential Art
Rip it Up and Start Again,35.02,5,True,3694.61,Music
"Our Band Could Be Your Life: Scenes from the American Indie Underground, 1981-1991",57.25,3,True,6039.88,Music
Olio,23.88,1,True,2519.34,Poetry
Mesaerion: The Best Science Fiction Stories 1800-1849,37.59,1,True,3965.75,Science Fiction
Libertarianism for Beginners,51.33,2,True,5415.32,Politics
It's Only the Himalayas,45.17,2,True,4765.44,Travel
In Her Wake,12.84,1,True,1354.62,Thriller
How Music Works,37.32,2,True,3937.26,Music
"Foolproof Preserving: A Guide to Small Batch Jams, Jellies, Pickles, Condiments, and More: A Foolproof Guide to Making Small Batch Jams, Jellies, Pickles, Condiments, and More",30.52,3,True,3219.86,Food and Drink
Chase Me (Paris Nights #2),25.27,5,True,2665.98,Romance
Black Dust,34.53,5,True,3642.92,Romance
Birdsong: A Story in Pictures,54.64,3,True,5764.52,Childrens
America's Cradle of Quarterbacks: Western Pennsylvania's Football Factory from Johnny Unitas to Joe Montana,22.5,3,True,2373.75,Default
Aladdin and His Wonderful Lamp,53.13,3,True,5605.22,Default
Worlds Elsewhere: Journeys Around Shakespeareâs Globe,40.3,5,True,4251.65,Nonfiction
Wall and Piece,44.18,4,True,4660.99,Art
The Four Agreements: A Practical Guide to Personal Freedom,17.66,5,True,1863.13,Spirituality
The Five Love Languages: How to Express Heartfelt Commitment to Your Mate,31.05,3,True,3275.78,Nonfiction
The Elephant Tree,23.82,5,True,2513.01,Thriller
The Bear and the Piano,36.89,1,True,3891.9,Childrens
Sophie's World,15.94,5,True,1681.67,Philosophy
Penny Maybe,33.29,3,True,3512.1,Default
Maude (1883-1993):She Grew Up with the country,18.02,2,True,1901.11,Default
"In a Dark, Dark Wood",19.63,1,True,2070.96,Mystery
Behind Closed Doors,52.22,4,True,5509.21,Thriller
You can't bury them all: Poems,33.63,2,True,3547.96,Poetry
Slow States of Collapse: Poems,57.31,3,True,6046.2,Poetry
Reasons to Stay Alive,26.41,2,True,2786.26,Nonfiction
Private Paris (Private #10),47.61,5,True,5022.85,Fiction
#HigherSelfie: Wake Up Your Life. Free Your Soul. Find Your Tribe.,23.11,5,True,2438.1,Nonfiction
Without Borders (Wanderlove #1),45.07,2,True,4754.88,New Adult
When We Collided,31.77,1,True,3351.74,Contemporary
"We Love You, Charlie Freeman",50.27,5,True,5303.48,Fiction
Untitled Collection: Sabbath Poems 2014,14.27,4,True,1505.48,Poetry
"Unseen City: The Majesty of Pigeons, the Discreet Charm of Snails & Other Wonders of the Urban Wilderness",44.18,4,True,4660.99,Nonfiction
Unicorn Tracks,18.78,3,True,1981.29,Fantasy
"Unbound: How Eight Technologies Made Us Human, Transformed Society, and Brought Our World to the Brink",25.52,1,True,2692.36,History
Tsubasa: WoRLD CHRoNiCLE 2 (Tsubasa WoRLD CHRoNiCLE #2),16.28,1,True,1717.54,Sequential Art
Throwing Rocks at the Google Bus: How Growth Became the Enemy of Prosperity,31.12,3,True,3283.16,Nonfiction
This One Summer,19.49,4,True,2056.19,Sequential Art
Thirst,17.27,5,True,1821.98,Fiction
The Torch Is Passed: A Harding Family Story,19.09,1,True,2014.0,Add a comment
The Secret of Dreadwillow Carse,56.13,1,True,5921.72,Childrens
"The Pioneer Woman Cooks: Dinnertime: Comfort Classics, Freezer Food, 16-Minute Meals, and Other Delicious Ways to Solve Supper!",56.41,1,True,5951.25,Food and Drink
The Past Never Ends,56.5,4,True,5960.75,Mystery
The Natural History of Us (The Fine Art of Pretending #2),45.22,3,True,4770.71,Young Adult
The Nameless City (The Nameless City #1),38.16,4,True,4025.88,Sequential Art
The Murder That Never Was (Forensic Instincts #5),54.11,3,True,5708.6,Fiction
The Most Perfect Thing: Inside (and Outside) a Bird's Egg,42.96,4,True,4532.28,Science
"The Mindfulness and Acceptance Workbook for Anxiety: A Guide to Breaking Free from Anxiety, Phobias, and Worry Using Acceptance and Commitment Therapy",23.89,4,True,2520.4,Add a comment
The Life-Changing Magic of Tidying Up: The Japanese Art of Decluttering and Organizing,16.77,3,True,1769.24,Nonfiction
"The Inefficiency Assassin: Time Management Tactics for Working Smarter, Not Longer",20.59,5,True,2172.24,Default
The Gutsy Girl: Escapades for Your Life of Epic Adventure,37.13,1,True,3917.22,Nonfiction
The Electric Pencil: Drawings from Inside State Hospital No. 3,56.06,1,True,5914.33,Nonfiction
The Death of Humanity: and the Case for Life,58.11,4,True,6130.6,Philosophy
"The Bulletproof Diet: Lose up to a Pound a Day, Reclaim Energy and Focus, Upgrade Your Life",49.05,3,True,5174.77,Health
The Art Forger,40.76,3,True,4300.18,Add a comment
The Age of Genius: The Seventeenth Century and the Birth of the Modern Mind,19.73,1,True,2081.52,History
The Activist's Tao Te Ching: Ancient Advice for a Modern Revolution,32.24,5,True,3401.32,Spirituality
Spark Joy: An Illustrated Master Class on the Art of Organizing and Tidying Up,41.83,4,True,4413.06,Nonfiction
Soul Reader,39.58,2,True,4175.69,Default
Security,39.25,2,True,4140.88,Horror
"Saga, Volume 6 (Saga (Collected Editions) #6)",25.02,3,True,2639.61,Fantasy
"Saga, Volume 5 (Saga (Collected Editions) #5)",51.04,2,True,5384.72,Sequential Art
Reskilling America: Learning to Labor in the Twenty-First Century,19.83,2,True,2092.06,Nonfiction
"Rat Queens, Vol. 3: Demons (Rat Queens (Collected Editions) #11-15)",50.4,3,True,5317.2,Sequential Art
"Princess Jellyfish 2-in-1 Omnibus, Vol. 01 (Princess Jellyfish 2-in-1 Omnibus #1)",13.61,5,True,1435.86,Sequential Art
Princess Between Worlds (Wide-Awake Princess #5),13.34,5,True,1407.37,Fantasy
"Pop Gun War, Volume 1: Gift",18.97,1,True,2001.33,Sequential Art
"Political Suicide: Missteps, Peccadilloes, Bad Calls, Backroom Hijinx, Sordid Pasts, Rotten Breaks, and Just Plain Dumb Mistakes in the Annals of American Politics",36.28,2,True,3827.54,History
Patience,10.16,3,True,1071.88,Sequential Art
"Outcast, Vol. 1: A Darkness Surrounds Him (Outcast #1)",15.44,4,True,1628.92,Sequential Art
orange: The Complete Collection 1 (orange: The Complete Collection #1),48.41,1,True,5107.25,Sequential Art
Online Marketing for Busy Authors: A Step-By-Step Guide,46.35,1,True,4889.92,Self Help
On a Midnight Clear,14.07,3,True,1484.38,Add a comment
Obsidian (Lux #1),14.86,2,True,1567.73,Young Adult
My Paris Kitchen: Recipes and Stories,33.37,2,True,3520.54,Food and Drink
Masks and Shadows,56.4,2,True,5950.2,Fantasy
"Mama Tried: Traditional Italian Cooking for the Screwed, Crude, Vegan, and Tattooed",14.02,4,True,1479.11,Food and Drink
"Lumberjanes, Vol. 2: Friendship to the Max (Lumberjanes #5-8)",46.91,2,True,4949.0,Sequential Art
"Lumberjanes, Vol. 1: Beware the Kitten Holy (Lumberjanes #1-4)",45.61,3,True,4811.85,Sequential Art
Lumberjanes Vol. 3: A Terrible Plan (Lumberjanes #9-12),19.92,2,True,2101.56,Sequential Art
"Layered: Baking, Building, and Styling Spectacular Cakes",40.11,1,True,4231.6,Food and Drink
Judo: Seven Steps to Black Belt (an Introductory Guide for Beginners),53.9,2,True,5686.45,Add a comment
Join,35.67,5,True,3763.19,Science Fiction
In the Country We Love: My Family Divided,22.0,4,True,2321.0,Nonfiction
